Workbook

Sheet Triangle Imcremente
B1: N+0 | C1: N+1 | D1: N+2 | E1: N+3 | F1: N+4 | G1: N+5 | H1: N+6 | I1: N+7 | J1: N+8 | K1: N+9 | L1: N+10 | M1: N+11 | N1: N+12 | O1: N+13 | P1: N+14 | Q1: N+15 | R1: N+16 | S1: N+17 | T1: N+18 | U1: N+19 | V1: N+20 | W1: N+21 | X1: N+22 | Y1: N+23 | Z1: N+24 | AA1: N+25 | AB1: N+26 | AC1: N+27 | AD1: N+28 | AE1: N+29 | AF1: N+30 | AG1: N+31 | AH1: N+32
A2: 1993 | B2: 6185001.3 | C2: 16477635 | D2: 14560232 | E2: 5980859.2 | F2: 5529084.2 | G2: 3312719.1 | H2: 2256913.5 | I2: 563467.88 | J2: 381601.37 | K2: 354459.22 | L2: 413748.55 | M2: 8314.2958 | N2: 3432266.5 | O2: 2154378.8 | P2: 475838.73 | Q2: 320420.25 | R2: -17609.5 | S2: 18012.208 | T2: -139674.46 | U2: 8973.6917 | V2: 14802.575 | W2: 8443.375 | X2: 11444.546 | Y2: 32684.088 | Z2: -5517.6583 | AA2: 257579.31 | AB2: 128459.4 | AC2: 63484.538 | AD2: 436267.6 | AE2: 120003.08 | AF2: 87909.938 | AG2: 56991.479
A3: 1994 | B3: 8447485.8 | C3: 18221786 | D3: 13080927 | E3: 9339048.2 | F3: 5472914.3 | G3: 4401312 | H3: 1609329.7 | I3: 1273875.6 | J3: 907188.77 | K3: 496264.78 | L3: -194896.7 | M3: 4427947.5 | N3: 2974417 | O3: 325981.52 | P3: 238501.91 | Q3: 48641.779 | R3: -49755.008 | S3: 309883.25 | T3: 93747.812 | U3: 77321.796 | V3: 3981.2667 | W3: -10493.633 | X3: 47916.908 | Y3: -39350.679 | Z3: 192029.81 | AA3: 149703.1 | AB3: 239841.54 | AC3: 432359.26 | AD3: 37580.642 | AE3: 97285.162 | AF3: 13587.112
A4: 1995 | B4: 9650006.5 | C4: 16522194 | D4: 17457694 | E4: 11444317 | F4: 6939979.3 | G4: 3200753.6 | H4: 2332552.3 | I4: 1232889.5 | J4: 1321795.2 | K4: 266029.18 | L4: 5288806.1 | M4: 3793962.9 | N4: 76986.062 | O4: 126728.29 | P4: 108178.66 | Q4: 95223.617 | R4: 65879.429 | S4: 139290.29 | T4: 22683.596 | U4: 4405.0708 | V4: -19968.058 | W4: 266833.02 | X4: 211917.67 | Y4: 144487.36 | Z4: 17730.162 | AA4: 55571.213 | AB4: -141507.57 | AC4: 1014278.5 | AD4: 220247.11 | AE4: 2230937.2
A5: 1996 | B5: 8642833.6 | C5: 19031350 | D5: 18760634 | E5: 15239412 | F5: 6578459.3 | G5: 2866937.6 | H5: 2021820.2 | I5: 1112610.1 | J5: 621762.89 | K5: 5209226.1 | L5: 3362432 | M5: 108998.36 | N5: 70171.917 | O5: 291897.35 | P5: 36002.517 | Q5: -19398.808 | R5: 70163.396 | S5: 51373.867 | T5: -4650.4208 | U5: -174161.75 | V5: 141948.09 | W5: -32868.896 | X5: 132518 | Y5: 30104.846 | Z5: 181710.97 | AA5: 207623.6 | AB5: 110844.57 | AC5: -201248.82 | AD5: -21538.608
A6: 1997 | B6: 8686941.6 | C6: 19909836 | D6: 22485374 | E6: 15075554 | F6: 7405927.2 | G6: 3901722.6 | H6: 3286638.7 | I6: 2634937.5 | J6: 7109092.3 | K6: 4634500.7 | L6: 1026715 | M6: 437357.65 | N6: 69066.429 | O6: 32164.275 | P6: -7351.4917 | Q6: 410299.32 | R6: 9912.625 | S6: 14720.204 | T6: 20299.392 | U6: -288082.52 | V6: 139883.34 | W6: 231581.5 | X6: 153685.76 | Y6: -26352.017 | Z6: 108768.89 | AA6: -52373.7 | AB6: 230869.02 | AC6: 87368.271
A7: 1998 | B7: 8406471 | C7: 25162915 | D7: 22656529 | E7: 13630976 | F7: 7461708.9 | G7: 5146815.4 | H7: 2797277.3 | I7: 6615800.1 | J7: 5156163 | K7: 576774.5 | L7: 446935.66 | M7: -27826.917 | N7: -40111.646 | O7: 149157.5 | P7: 130596.8 | Q7: 48704.717 | R7: 23052.267 | S7: 50751.292 | T7: 227387.78 | U7: 58269.058 | V7: 240753.69 | W7: 155559.54 | X7: 116799.23 | Y7: 411442.95 | Z7: 94765.987 | AA7: 391869.41 | AB7: 520689.68
A8: 1999 | B8: 9854142.6 | C8: 23647618 | D8: 24180859 | E8: 14330344 | F8: 7434268.2 | G8: 4660789.9 | H8: 8691885 | I8: 6550047.6 | J8: 345095.39 | K8: 366237.67 | L8: 301319.93 | M8: 330908.73 | N8: 191183.78 | O8: 260247.54 | P8: 257508.65 | Q8: 51477.354 | R8: 95832.479 | S8: 204268.45 | T8: -98399.708 | U8: 218711.82 | V8: 5082.3708 | W8: 9971.8833 | X8: 189076.72 | Y8: -246687.42 | Z8: 149219.02 | AA8: -64571.413
A9: 2000 | B9: 7989981.6 | C9: 25430738 | D9: 27353233 | E9: 16004588 | F9: 7856434.1 | G9: 9498224 | H9: 8513744.4 | I9: 550750.86 | J9: 647738.69 | K9: 256337.74 | L9: 135466.41 | M9: 67299.537 | N9: 244410.4 | O9: 75783.229 | P9: -29457.592 | Q9: 33804.417 | R9: 159978.7 | S9: -45107.196 | T9: 105445.98 | U9: -18603.429 | V9: -43168.692 | W9: 84060.446 | X9: -137247.57 | Y9: 601.18333 | Z9: -45979.396
A10: 2001 | B10: 9140248 | C10: 28191547 | D10: 27378809 | E10: 13806115 | F10: 10199190 | G10: 8945031.3 | H10: 1574128.7 | I10: 721664.6 | J10: 541866.91 | K10: 326702.46 | L10: 45706.329 | M10: 376055.53 | N10: 365626.35 | O10: 42859.017 | P10: -97768.938 | Q10: 294195.08 | R10: 333312.38 | S10: -140426.28 | T10: -185007.25 | U10: 222077.34 | V10: -16202.221 | W10: -51879.771 | X10: 68821.067 | Y10: 76698.567
A11: 2002 | B11: 8982265.8 | C11: 26024945 | D11: 22597901 | E11: 18430603 | F11: 14520186 | G11: 3942765.7 | H11: 1548771.1 | I11: 1253550.3 | J11: 1390959.8 | K11: 384274.55 | L11: 204187.93 | M11: 144700.83 | N11: -199751.97 | O11: 94328.263 | P11: 146298 | Q11: 64499.758 | R11: -51463.371 | S11: 339122.31 | T11: 97413.292 | U11: 330723.43 | V11: 246303.96 | W11: -146752.04 | X11: -15382.417
A12: 2003 | B12: 9310300.8 | C12: 27678381 | D12: 29991244 | E12: 28606759 | F12: 7488319.5 | G12: 4140755 | H12: 2162205.2 | I12: 1792781.6 | J12: 853219.88 | K12: 538623.21 | L12: 5334.6417 | M12: -20554.342 | N12: -216292.69 | O12: 290401.28 | P12: 121901.94 | Q12: 300975.96 | R12: 418184.05 | S12: 56560.912 | T12: 645350.4 | U12: -41861.575 | V12: 252788.73 | W12: -26518.633
A13: 2004 | B13: 9772040.9 | C13: 24428532 | D13: 29186167 | E13: 12339173 | F13: 6295390.5 | G13: 3499832.4 | H13: 1765530.3 | I13: 2222932.5 | J13: 845441.15 | K13: 1061504 | L13: -42596.392 | M13: 104790.87 | N13: 423100.6 | O13: 989733.31 | P13: -224892.8 | Q13: -39029.062 | R13: 175268.18 | S13: -56569 | T13: -241677.29 | U13: -62727.504 | V13: 582711.38
A14: 2005 | B14: 7680670.5 | C14: 28445938 | D14: 20063968 | E14: 12461958 | F14: 5697469.2 | G14: 2991454.8 | H14: 1286812.8 | I14: 732222.49 | J14: 897877.91 | K14: 1957395.9 | L14: 739731.42 | M14: -432290.3 | N14: 5207.35 | O14: 83630.842 | P14: -82847.554 | Q14: 130200.36 | R14: 395892.26 | S14: 206535.93 | T14: 47990.471 | U14: -123572.69
A15: 2006 | B15: 9666714.7 | C15: 20779604 | D15: 16833862 | E15: 8384549.9 | F15: 5300623 | G15: 2422408.3 | H15: 1958369.9 | I15: 1506040.2 | J15: 626925.35 | K15: 270309.56 | L15: 233347.15 | M15: 325478.07 | N15: 493737.39 | O15: 396344.85 | P15: -53729.075 | Q15: 926950.92 | R15: 141695.5 | S15: 41155.658 | T15: 325638.3
A16: 2007 | B16: 7688890 | C16: 20708994 | D16: 17603675 | E16: 10843444 | F16: 4216276.9 | G16: 3542110.5 | H16: 1656106.9 | I16: 774565.26 | J16: 432199.1 | K16: 466169.46 | L16: 1549714.9 | M16: -147514.84 | N16: -150608.45 | O16: -549666.15 | P16: 298298.76 | Q16: 247419.38 | R16: -129572.12 | S16: -4100.6792
A17: 2008 | B17: 7564843 | C17: 23400467 | D17: 17629411 | E17: 8996138.2 | F17: 4836952.6 | G17: 3474348.7 | H17: 828026.7 | I17: 525425.12 | J17: 669720.15 | K17: 892086.88 | L17: -383045.15 | M17: -113983.4 | N17: -80803.621 | O17: 539839.43 | P17: 24638.917 | Q17: -7980.4208 | R17: 446934.67
A18: 2009 | B18: 9998209 | C18: 28411911 | D18: 21523248 | E18: 13287423 | F18: 7413585.7 | G18: 1715798.6 | H18: 1542409.4 | I18: 1397238.6 | J18: 812170.12 | K18: 1015992.3 | L18: 204873.19 | M18: 152410.26 | N18: 704068.95 | O18: 733565.88 | P18: 152298.47 | Q18: 451281.89
A19: 2010 | B19: 9194446.9 | C19: 26272504 | D19: 24588338 | E19: 17120929 | F19: 4159699.2 | G19: 2503456.3 | H19: 2251796.4 | I19: 2462202.9 | J19: 215662.35 | K19: 817636.53 | L19: 895830.65 | M19: 344419.5 | N19: 667794.21 | O19: 248014.18 | P19: 330883.91
A20: 2011 | B20: 10541903 | C20: 27712873 | D20: 21686763 | E20: 6281914.7 | F20: 4003301 | G20: 3652040 | H20: 3260612.9 | I20: 2281444.8 | J20: 783796.15 | K20: 349656.92 | L20: 306881.35 | M20: 420885.29 | N20: 726373.73 | O20: 466982.77
A21: 2012 | B21: 9955042 | C21: 24322781 | D21: 12378621 | E21: 29707249 | F21: 10432350 | G21: 4911782.2 | H21: 1783849.9 | I21: 963654.53 | J21: 826237.04 | K21: 50225.562 | L21: 283227.23 | M21: 2175005.4 | N21: 357797.42
A22: 2013 | B22: 8945263.9 | C22: 17197109 | D22: 27285960 | E22: 12752291 | F22: 7489523.4 | G22: 4415827.7 | H22: 2975218.2 | I22: 784511.19 | J22: 1356394.4 | K22: 1672257.7 | L22: 898278.23 | M22: 1203818.2
A23: 2014 | B23: 9053483.1 | C23: 24794407 | D23: 24216597 | E23: 14502748 | F23: 7145941.8 | G23: 4282642.9 | H23: 1393804.7 | I23: 666135.53 | J23: 1080522.3 | K23: 1678098.5 | L23: 848808.74
A24: 2015 | B24: 11511440 | C24: 25072766 | D24: 20379204 | E24: 12306252 | F24: 6387066.8 | G24: 3593817.1 | H24: 4771861.9 | I24: 2915740 | J24: 1876000.5 | K24: 679369.51
A25: 2016 | B25: 13027666 | C25: 29309802 | D25: 19378282 | E25: 10611613 | F25: 4551874.2 | G25: 3908034.5 | H25: 6938940.3 | I25: 2849511.1 | J25: 1727473.6
A26: 2017 | B26: 16518055 | C26: 30180408 | D26: 17297931 | E26: 8195745.1 | F26: 6244230.4 | G26: 6315628.8 | H26: 2629818.5 | I26: 2866867.1
A27: 2018 | B27: 16902140 | C27: 35699051 | D27: 16018411 | E27: 13252527 | F27: 8562575.9 | G27: 4793899.7 | H27: 3353036.4
A28: 2019 | B28: 17923705 | C28: 28298055 | D28: 22832122 | E28: 16018252 | F28: 13534166 | G28: 5846912.3
A29: 2020 | B29: 12157090 | C29: 25872019 | D29: 17720965 | E29: 10839333 | F29: 8201308.7
A30: 2021 | B30: 15171798 | C30: 34303619 | D30: 18102462 | E30: 11487153
A31: 2022 | B31: 20467424 | C31: 42434512 | D31: 25936573
A32: 2023 | B32: 22938942 | C32: 41675591
A33: 2024 | B33: 23071017
B34: 0 | AE34: 0 | AF34: 0 | AG34: 0
B35: 0 | C35: 0 | D35: 0 | E35: 0 | F35: 0 | G35: 0 | H35: 0 | I35: 0 | J35: 0 | K35: 0 | L35: 0 | M35: 0 | N35: 0 | O35: 0 | P35: 0 | Q35: 0 | R35: 0 | S35: 0 | T35: 0 | U35: 0 | V35: 0 | W35: 0 | X35: 0 | Y35: 0 | Z35: 0 | AA35: 0 | AB35: 0 | AC35: 0 | AD35: 0 | AE35: 0 | AF35: 0 | AG35: 0

Sheet  somme diagonal
B1: indice | C1: somme diagonale | D1: somme colonne
B2: 0 | C2: 6185001.3 | D2: =SUM('Triangle Imcremente'!B2:B33) -> 3.6504646e+08
B3: 1 | C3: 24925121 | D3: =SUM('Triangle Imcremente'!C2:C32) -> 8.0561989e+08
B4: 2 | C4: 42432025 | D4: =SUM('Triangle Imcremente'!D2:D31) -> 6.31166e+08
B5: 3 | C5: 44226814 | D5: =SUM('Triangle Imcremente'!E2:E30) -> 3.9127727e+08
B6: 4 | C6: 60044118 | D6: =SUM('Triangle Imcremente'!F2:F29) -> 2.0135881e+08
B7: 5 | C7: 67306890 | D7: =SUM('Triangle Imcremente'!G2:G28) -> 1.1588782e+08
B8: 6 | C8: 86340049 | D8: =SUM('Triangle Imcremente'!H2:H27) -> 75191461
B9: 7 | C9: 81321694 | D9: =SUM('Triangle Imcremente'!I2:I26) -> 47250867
B10: 8 | C10: 86643715 | D10: =SUM('Triangle Imcremente'!J2:J25) -> 31426904
B11: 9 | C11: 94737180 | D11: =SUM('Triangle Imcremente'!K2:K24) -> 24320133
B12: 10 | C12: 97930783 | D12: =SUM('Triangle Imcremente'!L2:L23) -> 16570807
B13: 11 | C13: 92505086 | D13: =SUM('Triangle Imcremente'!M2:M22) -> 13680183
B14: 12 | C14: 1.4100349e+08 | D14: =SUM('Triangle Imcremente'!N2:N21) -> 10114640
B15: 13 | C15: 1.5651044e+08 | D15: =SUM('Triangle Imcremente'!O2:O20) -> 6752372.1
B16: 14 | C16: 77363990 | D16: =SUM('Triangle Imcremente'!P2:P19) -> 1824899.8
B17: 15 | C17: 72930331 | D17: =SUM('Triangle Imcremente'!Q2:Q18) -> 3357686.5
B18: 16 | C18: 73571830 | D18: =SUM('Triangle Imcremente'!R2:R17) -> 2087705.9
B19: 17 | C19: 80205177 | D19: =SUM('Triangle Imcremente'!S2:S16) -> 1185471.2
B20: 18 | C20: 79382402 | D20: =SUM('Triangle Imcremente'!T2:T15) -> 916547.88
B21: 19 | C21: 89935368 | D21: =SUM('Triangle Imcremente'!U2:U14) -> 211472.74
B22: 20 | C22: 89158954 | D22: =SUM('Triangle Imcremente'!V2:V13) -> 1548916.4
B23: 21 | C23: 54825467 | D23: =SUM('Triangle Imcremente'!W2:W12) -> 487936.8
B24: 22 | C24: 1.0320845e+08 | D24: =SUM('Triangle Imcremente'!X2:X11) -> 779549.91
B25: 23 | C25: 95686621 | D25: =SUM('Triangle Imcremente'!Y2:Y10) -> 383628.87
B26: 24 | C26: 1.0411686e+08 | D26: =SUM('Triangle Imcremente'!Z2:Z9) -> 692727.79
B27: 25 | C27: 97079910 | D27: =SUM('Triangle Imcremente'!AA2:AA8) -> 945401.52
B28: 26 | C28: 99151086 | D28: =SUM('Triangle Imcremente'!AB2:AB7) -> 1089196.7
B29: 27 | C29: 77812622 | D29: =SUM('Triangle Imcremente'!AC2:AC6) -> 1396241.7
B30: 28 | C30: 1.0027309e+08 | D30: =SUM('Triangle Imcremente'!AD2:AD5) -> 672556.74
B31: 29 | C31: 1.1957374e+08 | D31: =SUM('Triangle Imcremente'!AE2:AE4) -> 2448225.5
B32: 30 | C32: 1.2691719e+08 | D32: =SUM('Triangle Imcremente'!AF2:AF3) -> 101497.05
B33: 31 | C33: 1.3254477e+08 | D33: =SUM('Triangle Imcremente'!AG2) -> 56991.479
C34: =SUM(C2:C33) -> 2.7558503e+09 | D34: =SUM(D2:D33) -> 2.7558503e+09

Sheet recursion separation
B2: m | C2: d(m) | D2: v(m) | E2: CumR before (sum r(m+1..k)) | F2: lambda(m) | G2: CumLambda incl. (sum lambda(m..k)) | H2: r(m) | I2: Le volume de sinistralité r(t)
B3: 31 | C3: 1.3254477e+08 | D3: 56991.479 | E3: 0 | F3: =C3/(1-E3) -> 1.3254477e+08 | G3: =F3 -> 1.3254477e+08 | H3: =D3/G3 -> 0.0004299791 | I3: dt = somme horizontale proportion de sinistres payé
B4: 30 | C4: 1.2691719e+08 | D4: 101497.05 | E4: =H3 -> 0.0004299791 | F4: =C4/(1-E4) -> 1.2697179e+08 | G4: =F4+G3 -> 2.5951655e+08 | H4: =D4/G4 -> 0.00039110049 | I4: vt = somme diagonale La valeur
B5: 29 | C5: 1.1957374e+08 | D5: 2448225.5 | E5: =H4+H3 -> 0.00082107958 | F5: =C5/(1-E5) -> 1.19672e+08 | G5: =F5+G4 -> 3.7918855e+08 | H5: =D5/G5 -> 0.0064564858 | I5: lambda = cout due a inflation
B6: 28 | C6: 1.0027309e+08 | D6: 672556.74 | E6: =H5+H4+H3 -> 0.0072775654 | F6: =C6/(1-E6) -> 1.0100819e+08 | G6: =F6+G5 -> 4.8019674e+08 | H6: =D6/G6 -> 0.0014005858 | I6: rm = paramètre d'exposition
B7: 27 | C7: 77812622 | D7: 1396241.7 | E7: =SUM(H3:H6) -> 0.0086781512 | F7: =C7/(1-E7) -> 78493803 | G7: =F7+G6 -> 5.5869054e+08 | H7: =D7/G7 -> 0.0024991326
B8: 26 | C8: 99151086 | D8: 1089196.7 | E8: =SUM(H3:H7) -> 0.011177284 | F8: =C8/(1-E8) -> 1.0027185e+08 | G8: =F8+G7 -> 6.5896239e+08 | H8: =D8/G8 -> 0.0016528965
B9: 25 | C9: 97079910 | D9: 945401.52 | E9: =SUM(H3:H8) -> 0.01283018 | F9: =C9/(1-E9) -> 98341651 | G9: =F9+G8 -> 7.5730405e+08 | H9: =D9/G9 -> 0.0012483778
B10: 24 | C10: 1.0411686e+08 | D10: 692727.79 | E10: =SUM(H3:H9) -> 0.014078558 | F10: =C10/(1-E10) -> 1.0560361e+08 | G10: =F10+G9 -> 8.6290765e+08 | H10: =D10/G10 -> 0.00080278323
B11: 23 | C11: 95686621 | D11: 383628.87 | E11: =SUM(H3:H10) -> 0.014881341 | F11: =C11/(1-E11) -> 97132077 | G11: =F11+G10 -> 9.6003973e+08 | H11: =D11/G11 -> 0.00039959687
B12: 22 | C12: 1.0320845e+08 | D12: 779549.91 | E12: =SUM(H3:H11) -> 0.015280938 | F12: =C12/(1-E12) -> 1.0481005e+08 | G12: =F12+G11 -> 1.0648498e+09 | H12: =D12/G12 -> 0.00073207501
B13: 21 | C13: 54825467 | D13: 487936.8 | E13: =SUM(H3:H12) -> 0.016013013 | F13: =C13/(1-E13) -> 55717675 | G13: =F13+G12 -> 1.1205675e+09 | H13: =D13/G13 -> 0.00043543724
B14: 20 | C14: 89158954 | D14: 1548916.4 | E14: =SUM(H3:H13) -> 0.01644845 | F14: =C14/(1-E14) -> 90650006 | G14: =F14+G13 -> 1.2112175e+09 | H14: =D14/G14 -> 0.0012788095
B15: 19 | C15: 89935368 | D15: 211472.74 | E15: =SUM(H3:H14) -> 0.01772726 | F15: =C15/(1-E15) -> 91558449 | G15: =F15+G14 -> 1.3027759e+09 | H15: =D15/G15 -> 0.00016232473
B16: 18 | C16: 79382402 | D16: 916547.88 | E16: =SUM(H3:H15) -> 0.017889585 | F16: =C16/(1-E16) -> 80828389 | G16: =F16+G15 -> 1.3836043e+09 | H16: =D16/G16 -> 0.00066243498
B17: 17 | C17: 80205177 | D17: 1185471.2 | E17: =SUM(H3:H16) -> 0.01855202 | F17: =C17/(1-E17) -> 81721271 | G17: =F17+G16 -> 1.4653256e+09 | H17: =D17/G17 -> 0.00080901559
B18: 16 | C18: 73571830 | D18: 2087705.9 | E18: =SUM(H3:H17) -> 0.019361035 | F18: =C18/(1-E18) -> 75024380 | G18: =F18+G17 -> 1.5403499e+09 | H18: =D18/G18 -> 0.0013553452
B19: 15 | C19: 72930331 | D19: 3357686.5 | E19: =SUM(H3:H18) -> 0.02071638 | F19: =C19/(1-E19) -> 74473145 | G19: =F19+G18 -> 1.6148231e+09 | H19: =D19/G19 -> 0.0020792906
B20: 14 | C20: 77363990 | D20: 1824899.8 | E20: =SUM(H3:H19) -> 0.022795671 | F20: =C20/(1-E20) -> 79168694 | G20: =F20+G19 -> 1.6939918e+09 | H20: =D20/G20 -> 0.0010772778
B21: 13 | C21: 1.5651044e+08 | D21: 6752372.1 | E21: =SUM(H3:H20) -> 0.023872949 | F21: =C21/(1-E21) -> 1.6033819e+08 | G21: =F21+G20 -> 1.85433e+09 | H21: =D21/G21 -> 0.0036414081
B22: 12 | C22: 1.4100349e+08 | D22: 10114640 | E22: =SUM(H3:H21) -> 0.027514357 | F22: =C22/(1-E22) -> 1.4499287e+08 | G22: =F22+G21 -> 1.9993228e+09 | H22: =D22/G22 -> 0.0050590327
B23: 11 | C23: 92505086 | D23: 13680183 | E23: =SUM(H3:H22) -> 0.03257339 | F23: =C23/(1-E23) -> 95619745 | G23: =F23+G22 -> 2.0949426e+09 | H23: =D23/G23 -> 0.0065300993
B24: 10 | C24: 97930783 | D24: 16570807 | E24: =SUM(H3:H23) -> 0.039103489 | F24: =C24/(1-E24) -> 1.0191606e+08 | G24: =F24+G23 -> 2.1968587e+09 | H24: =D24/G24 -> 0.0075429556
B25: 9 | C25: 94737180 | D25: 24320133 | E25: =SUM(H3:H24) -> 0.046646445 | F25: =C25/(1-E25) -> 99372556 | G25: =F25+G24 -> 2.2962312e+09 | H25: =D25/G25 -> 0.010591326
B26: 8 | C26: 86643715 | D26: 31426904 | E26: =SUM(H3:H25) -> 0.05723777 | F26: =C26/(1-E26) -> 91904101 | G26: =F26+G25 -> 2.3881353e+09 | H26: =D26/G26 -> 0.0131596
B27: 7 | C27: 81321694 | D27: 47250867 | E27: =SUM(H3:H26) -> 0.07039737 | F27: =C27/(1-E27) -> 87480060 | G27: =F27+G26 -> 2.4756154e+09 | H27: =D27/G27 -> 0.019086514
B28: 6 | C28: 86340049 | D28: 75191461 | E28: =SUM(H3:H27) -> 0.089483884 | F28: =C28/(1-E28) -> 94825393 | G28: =F28+G27 -> 2.5704408e+09 | H28: =D28/G28 -> 0.029252361
B29: 5 | C29: 67306890 | D29: 1.1588782e+08 | E29: =SUM(H3:H28) -> 0.11873624 | F29: =C29/(1-E29) -> 76375421 | G29: =F29+G28 -> 2.6468162e+09 | H29: =D29/G29 -> 0.043783857
B30: 4 | C30: 60044118 | D30: 2.0135881e+08 | E30: =SUM(H3:H29) -> 0.1625201 | F30: =C30/(1-E30) -> 71696190 | G30: =F30+G29 -> 2.7185124e+09 | H30: =D30/G30 -> 0.074069483
B31: 3 | C31: 44226814 | D31: 3.9127727e+08 | E31: =SUM(H3:H30) -> 0.23658958 | F31: =C31/(1-E31) -> 57933207 | G31: =F31+G30 -> 2.7764456e+09 | H31: =D31/G31 -> 0.14092741
B32: 2 | C32: 42432025 | D32: 6.31166e+08 | E32: =SUM(H3:H31) -> 0.37751699 | F32: =C32/(1-E32) -> 68165756 | G32: =F32+G31 -> 2.8446113e+09 | H32: =D32/G32 -> 0.22188128
B33: 1 | C33: 24925121 | D33: 8.0561989e+08 | E33: =SUM(H3:H32) -> 0.59939827 | F33: =C33/(1-E33) -> 62219205 | G33: =F33+G32 -> 2.9068305e+09 | H33: =D33/G33 -> 0.27714718
B34: 0 | C34: 6185001.3 | D34: 3.6504646e+08 | E34: =SUM(H3:H33) -> 0.87654545 | F34: =C34/(1-E34) -> 50099419 | G34: =F34+G33 -> 2.95693e+09 | H34: =D34/G34 -> 0.12345455
H36: =SUM(H3:H34) -> 1

Sheet r_table
A1: j | B1: r(j) | C1: r_scaled(j) [used in projections]
A2: 0 | B2: 0.12345455 | C2: =Table3[[#This Row],[r(j)]]*$B$36 -> 0.12317919
A3: 1 | B3: 0.27714718 | C3: =Table3[[#This Row],[r(j)]]*$B$36 -> 0.27652901
A4: 2 | B4: 0.22188128 | C4: =Table3[[#This Row],[r(j)]]*$B$36 -> 0.22138638
A5: 3 | B5: 0.14092741 | C5: =Table3[[#This Row],[r(j)]]*$B$36 -> 0.14061307
A6: 4 | B6: 0.074069483 | C6: =Table3[[#This Row],[r(j)]]*$B$36 -> 0.073904274
A7: 5 | B7: 0.043783857 | C7: =Table3[[#This Row],[r(j)]]*$B$36 -> 0.043686198
A8: 6 | B8: 0.029252361 | C8: =Table3[[#This Row],[r(j)]]*$B$36 -> 0.029187115
A9: 7 | B9: 0.019086514 | C9: =Table3[[#This Row],[r(j)]]*$B$36 -> 0.019043942
A10: 8 | B10: 0.0131596 | C10: =Table3[[#This Row],[r(j)]]*$B$36 -> 0.013130247
A11: 9 | B11: 0.010591326 | C11: =Table3[[#This Row],[r(j)]]*$B$36 -> 0.010567702
A12: 10 | B12: 0.0075429556 | C12: =Table3[[#This Row],[r(j)]]*$B$36 -> 0.0075261312
A13: 11 | B13: 0.0065300993 | C13: =Table3[[#This Row],[r(j)]]*$B$36 -> 0.0065155341
... A33: 31 | B33: 0.0004299791 | C33: =Table3[[#This Row],[r(j)]]*$B$36 -> 0.00042902004
A34: 32 | B34: =AVERAGE(B29:B33) -> 0.0022354568 | C34: =Table3[[#This Row],[r(j)]]*$B$36 -> 0.0022304706
A35: sum | B35: =SUM(B2:B34) -> 1.0022355 | C35: =Table3[[#This Row],[r(j)]]*$B$36 -> 1
B36: =1/B35 -> 0.99776953 | C36: =Table3[[#This Row],[r(j)]]*$B$36 -> 0.99554403

Sheet lambda
A2: t | B2: lambda(t) | C2: ln(lambda)
A3: 0 | B3: 50099419 | C3: =LN(B3) -> 17.72952
A4: 1 | B4: 62219205 | C4: =LN(B4) -> 17.946174 | G4: Log-linear trend fit (OLS of ln(lambda) on t, t=0..31)
A5: 2 | B5: 68165756 | C5: =LN(B5) -> 18.037453 | G5: alpha (intercept) | H5: =INTERCEPT(C3:C34,A3:A34) -> 18.081351
A6: 3 | B6: 57933207 | C6: =LN(B6) -> 17.874801 | G6: beta (slope per period) | H6: =SLOPE(C3:C34,A3:A34) -> 0.014569633
A7: 4 | B7: 71696190 | C7: =LN(B7) -> 18.087948 | G7: implied annual rate = EXP(beta)-1 | H7: =EXP(H6)-1 -> 0.014676287
A8: 5 | B8: 76375421 | C8: =LN(B8) -> 18.151171
A9: 6 | B9: 94825393 | C9: =LN(B9) -> 18.367548
A10: 7 | B10: 87480060 | C10: =LN(B10) -> 18.286921
A11: 8 | B11: 91904101 | C11: =LN(B11) -> 18.336256
A12: 9 | B12: 99372556 | C12: =LN(B12) -> 18.414387
A13: 10 | B13: 1.0191606e+08 | C13: =LN(B13) -> 18.43966
A14: 11 | B14: 95619745 | C14: =LN(B14) -> 18.37589
A15: 12 | B15: 1.4499287e+08 | C15: =LN(B15) -> 18.792195
A16: 13 | B16: 1.6033819e+08 | C16: =LN(B16) -> 18.892796
A17: 14 | B17: 79168694 | C17: =LN(B17) -> 18.187091
A18: 15 | B18: 74473145 | C18: =LN(B18) -> 18.125949
A19: 16 | B19: 75024380 | C19: =LN(B19) -> 18.133324
... A34: 31 | B34: 1.3254477e+08 | C34: =LN(B34) -> 18.702431
A35: 32 | B35: =EXP($H$5+$H$6*A35) -> 1.135302e+08
A36: 33 | B36: =EXP($H$5+$H$6*A36) -> 1.151964e+08
A37: 34 | B37: =EXP($H$5+$H$6*A37) -> 1.1688705e+08
A38: 35 | B38: =EXP($H$5+$H$6*A38) -> 1.1860252e+08
A39: 36 | B39: =EXP($H$5+$H$6*A39) -> 1.2034317e+08
A40: 37 | B40: =EXP($H$5+$H$6*A40) -> 1.2210936e+08
A41: 38 | B41: =EXP($H$5+$H$6*A41) -> 1.2390147e+08
A42: 39 | B42: =EXP($H$5+$H$6*A42) -> 1.2571988e+08
A43: 40 | B43: =EXP($H$5+$H$6*A43) -> 1.2756498e+08
A44: 41 | B44: =EXP($H$5+$H$6*A44) -> 1.2943716e+08
A45: 42 | B45: =EXP($H$5+$H$6*A45) -> 1.3133682e+08
A46: 43 | B46: =EXP($H$5+$H$6*A46) -> 1.3326436e+08
... A66: 63 | B66: =EXP($H$5+$H$6*A66) -> 1.7834635e+08

Sheet tableau complet incremente
B1: N+0 | C1: N+1 | D1: N+2 | E1: N+3 | F1: N+4 | G1: N+5 | H1: N+6 | I1: N+7 | J1: N+8 | K1: N+9 | L1: N+10 | M1: N+11 | N1: N+12 | O1: N+13 | P1: N+14 | Q1: N+15 | R1: N+16 | S1: N+17 | T1: N+18 | U1: N+19 | V1: N+20 | W1: N+21 | X1: N+22 | Y1: N+23 | Z1: N+24 | AA1: N+25 | AB1: N+26 | AC1: N+27 | AD1: N+28 | AE1: N+29 | AF1: N+30 | AG1: N+31 | AH1: N+32
A2: 1993 | B2: 6185001.3 | C2: 16477635 | D2: 14560232 | E2: 5980859.2 | F2: 5529084.2 | G2: 3312719.1 | H2: 2256913.5 | I2: 563467.88 | J2: 381601.37 | K2: 354459.22 | L2: 413748.55 | M2: 8314.2958 | N2: 3432266.5 | O2: 2154378.8 | P2: 475838.73 | Q2: 320420.25 | R2: -17609.5 | S2: 18012.208 | T2: -139674.46 | U2: 8973.6917 | V2: 14802.575 | W2: 8443.375 | X2: 11444.546 | Y2: 32684.088 | Z2: -5517.6583 | AA2: 257579.31 | AB2: 128459.4 | AC2: 63484.538 | AD2: 436267.6 | AE2: 120003.08 | AF2: 87909.938 | AG2: 56991.479 | AH2: =r_table!$C$34*lambda!$B$35 -> 253225.77
A3: 1994 | B3: 8447485.8 | C3: 18221786 | D3: 13080927 | E3: 9339048.2 | F3: 5472914.3 | G3: 4401312 | H3: 1609329.7 | I3: 1273875.6 | J3: 907188.77 | K3: 496264.78 | L3: -194896.7 | M3: 4427947.5 | N3: 2974417 | O3: 325981.52 | P3: 238501.91 | Q3: 48641.779 | R3: -49755.008 | S3: 309883.25 | T3: 93747.812 | U3: 77321.796 | V3: 3981.2667 | W3: -10493.633 | X3: 47916.908 | Y3: -39350.679 | Z3: 192029.81 | AA3: 149703.1 | AB3: 239841.54 | AC3: 432359.26 | AD3: 37580.642 | AE3: 97285.162 | AF3: 13587.112 | AG3: 48815.611 | AH3: =r_table!$C$34*lambda!$B$36 -> 256942.18
A4: 1995 | B4: 9650006.5 | C4: 16522194 | D4: 17457694 | E4: 11444317 | F4: 6939979.3 | G4: 3200753.6 | H4: 2332552.3 | I4: 1232889.5 | J4: 1321795.2 | K4: 266029.18 | L4: 5288806.1 | M4: 3793962.9 | N4: 76986.062 | O4: 126728.29 | P4: 108178.66 | Q4: 95223.617 | R4: 65879.429 | S4: 139290.29 | T4: 22683.596 | U4: 4405.0708 | V4: -19968.058 | W4: 266833.02 | X4: 211917.67 | Y4: 144487.36 | Z4: 17730.162 | AA4: 55571.213 | AB4: -141507.57 | AC4: 1014278.5 | AD4: 220247.11 | AE4: 2230937.2 | AF4: 44401.715 | AG4: 49532.043 | AH4: =r_table!$C$34*lambda!$B$37 -> 260713.14
A5: 1996 | B5: 8642833.6 | C5: 19031350 | D5: 18760634 | E5: 15239412 | F5: 6578459.3 | G5: 2866937.6 | H5: 2021820.2 | I5: 1112610.1 | J5: 621762.89 | K5: 5209226.1 | L5: 3362432 | M5: 108998.36 | N5: 70171.917 | O5: 291897.35 | P5: 36002.517 | Q5: -19398.808 | R5: 70163.396 | S5: 51373.867 | T5: -4650.4208 | U5: -174161.75 | V5: 141948.09 | W5: -32868.896 | X5: 132518 | Y5: 30104.846 | Z5: 181710.97 | AA5: 207623.6 | AB5: 110844.57 | AC5: -201248.82 | AD5: -21538.608 | AE5: 733006.1 | AF5: 45053.368 | AG5: 50258.99 | AH5: =r_table!$C$34*lambda!$B$38 -> 264539.44
A6: 1997 | B6: 8686941.6 | C6: 19909836 | D6: 22485374 | E6: 15075554 | F6: 7405927.2 | G6: 3901722.6 | H6: 3286638.7 | I6: 2634937.5 | J6: 7109092.3 | K6: 4634500.7 | L6: 1026715 | M6: 437357.65 | N6: 69066.429 | O6: 32164.275 | P6: -7351.4917 | Q6: 410299.32 | R6: 9912.625 | S6: 14720.204 | T6: 20299.392 | U6: -288082.52 | V6: 139883.34 | W6: 231581.5 | X6: 153685.76 | Y6: -26352.017 | Z6: 108768.89 | AA6: -52373.7 | AB6: 230869.02 | AC6: 87368.271 | AD6: 159008.78 | AE6: 743763.91 | AF6: 45714.584 | AG6: 50996.605 | AH6: =r_table!$C$34*lambda!$B$39 -> 268421.9
A7: 1998 | B7: 8406471 | C7: 25162915 | D7: 22656529 | E7: 13630976 | F7: 7461708.9 | G7: 5146815.4 | H7: 2797277.3 | I7: 6615800.1 | J7: 5156163 | K7: 576774.5 | L7: 446935.66 | M7: -27826.917 | N7: -40111.646 | O7: 149157.5 | P7: 130596.8 | Q7: 48704.717 | R7: 23052.267 | S7: 50751.292 | T7: 227387.78 | U7: 58269.058 | V7: 240753.69 | W7: 155559.54 | X7: 116799.23 | Y7: 411442.95 | Z7: 94765.987 | AA7: 391869.41 | AB7: 520689.68 | AC7: 283727.01 | AD7: 161342.44 | AE7: 754679.6 | AF7: 46385.504 | AG7: 51745.046 | AH7: =r_table!$C$34*lambda!$B$40 -> 272361.34
A8: 1999 | B8: 9854142.6 | C8: 23647618 | D8: 24180859 | E8: 14330344 | F8: 7434268.2 | G8: 4660789.9 | H8: 8691885 | I8: 6550047.6 | J8: 345095.39 | K8: 366237.67 | L8: 301319.93 | M8: 330908.73 | N8: 191183.78 | O8: 260247.54 | P8: 257508.65 | Q8: 51477.354 | R8: 95832.479 | S8: 204268.45 | T8: -98399.708 | U8: 218711.82 | V8: 5082.3708 | W8: 9971.8833 | X8: 189076.72 | Y8: -246687.42 | Z8: 149219.02 | AA8: -64571.413 | AB8: 187653.67 | AC8: 287891.07 | AD8: 163710.35 | AE8: 765755.5 | AF8: 47066.271 | AG8: 52504.471 | AH8: =r_table!$C$34*lambda!$B$41 -> 276358.59
A9: 2000 | B9: 7989981.6 | C9: 25430738 | D9: 27353233 | E9: 16004588 | F9: 7856434.1 | G9: 9498224 | H9: 8513744.4 | I9: 550750.86 | J9: 647738.69 | K9: 256337.74 | L9: 135466.41 | M9: 67299.537 | N9: 244410.4 | O9: 75783.229 | P9: -29457.592 | Q9: 33804.417 | R9: 159978.7 | S9: -45107.196 | T9: 105445.98 | U9: -18603.429 | V9: -43168.692 | W9: 84060.446 | X9: -137247.57 | Y9: 601.18333 | Z9: -45979.396 | AA9: 141728.57 | AB9: 190407.73 | AC9: 292116.24 | AD9: 166113.01 | AE9: 776993.94 | AF9: 47757.029 | AG9: 53275.042 | AH9: =r_table!$C$34*lambda!$B$42 -> 280414.51
A10: 2001 | B10: 9140248 | C10: 28191547 | D10: 27378809 | E10: 13806115 | F10: 10199190 | G10: 8945031.3 | H10: 1574128.7 | I10: 721664.6 | J10: 541866.91 | K10: 326702.46 | L10: 45706.329 | M10: 376055.53 | N10: 365626.35 | O10: 42859.017 | P10: -97768.938 | Q10: 294195.08 | R10: 333312.38 | S10: -140426.28 | T10: -185007.25 | U10: 222077.34 | V10: -16202.221 | W10: -51879.771 | X10: 68821.067 | Y10: 76698.567 | Z10: 91140.138 | AA10: 143808.62 | AB10: 193202.21 | AC10: 296403.43 | AD10: 168550.93 | AE10: 788397.33 | AF10: 48457.925 | AG10: 54056.922 | AH10: =r_table!$C$34*lambda!$B$43 -> 284529.95
A11: 2002 | B11: 8982265.8 | C11: 26024945 | D11: 22597901 | E11: 18430603 | F11: 14520186 | G11: 3942765.7 | H11: 1548771.1 | I11: 1253550.3 | J11: 1390959.8 | K11: 384274.55 | L11: 204187.93 | M11: 144700.83 | N11: -199751.97 | O11: 94328.263 | P11: 146298 | Q11: 64499.758 | R11: -51463.371 | S11: 339122.31 | T11: 97413.292 | U11: 330723.43 | V11: 246303.96 | W11: -146752.04 | X11: -15382.417 | Y11: 45366.311 | Z11: 92477.737 | AA11: 145919.2 | AB11: 196037.7 | AC11: 300753.53 | AD11: 171024.63 | AE11: 799968.08 | AF11: 49169.107 | AG11: 54850.277 | AH11: =r_table!$C$34*lambda!$B$44 -> 288705.79
A12: 2003 | B12: 9310300.8 | C12: 27678381 | D12: 29991244 | E12: 28606759 | F12: 7488319.5 | G12: 4140755 | H12: 2162205.2 | I12: 1792781.6 | J12: 853219.88 | K12: 538623.21 | L12: 5334.6417 | M12: -20554.342 | N12: -216292.69 | O12: 290401.28 | P12: 121901.94 | Q12: 300975.96 | R12: 418184.05 | S12: 56560.912 | T12: 645350.4 | U12: -41861.575 | V12: 252788.73 | W12: -26518.633 | X12: 83112.62 | Y12: 46032.12 | Z12: 93834.966 | AA12: 148060.75 | AB12: 198914.8 | AC12: 305167.47 | AD12: 173534.64 | AE12: 811708.64 | AF12: 49890.727 | AG12: 55655.275 | AH12: =r_table!$C$34*lambda!$B$45 -> 292942.92
A13: 2004 | B13: 9772040.9 | C13: 24428532 | D13: 29186167 | E13: 12339173 | F13: 6295390.5 | G13: 3499832.4 | H13: 1765530.3 | I13: 2222932.5 | J13: 845441.15 | K13: 1061504 | L13: -42596.392 | M13: 104790.87 | N13: 423100.6 | O13: 989733.31 | P13: -224892.8 | Q13: -39029.062 | R13: 175268.18 | S13: -56569 | T13: -241677.29 | U13: -62727.504 | V13: 582711.38 | W13: 49435.275 | X13: 84332.404 | Y13: 46707.701 | Z13: 95212.115 | AA13: 150233.73 | AB13: 201834.13 | AC13: 309646.2 | AD13: 176081.48 | AE13: 823621.51 | AF13: 50622.938 | AG13: 56472.088 | AH13: =r_table!$C$34*lambda!$B$46 -> 297242.24
A14: 2005 | B14: 7680670.5 | C14: 28445938 | D14: 20063968 | E14: 12461958 | F14: 5697469.2 | G14: 2991454.8 | H14: 1286812.8 | I14: 732222.49 | J14: 897877.91 | K14: 1957395.9 | L14: 739731.42 | M14: -432290.3 | N14: 5207.35 | O14: 83630.842 | P14: -82847.554 | Q14: 130200.36 | R14: 395892.26 | S14: 206535.93 | T14: 47990.471 | U14: -123572.69 | V14: 145183.5 | W14: 50160.801 | X14: 85570.091 | Y14: 47393.196 | Z14: 96609.476 | AA14: 152438.6 | AB14: 204796.31 | AC14: 314190.65 | AD14: 178665.71 | AE14: 835709.21 | AF14: 51365.895 | AG14: 57300.888 | AH14: =r_table!$C$34*lambda!$B$47 -> 301604.65
A15: 2006 | B15: 9666714.7 | C15: 20779604 | D15: 16833862 | E15: 8384549.9 | F15: 5300623 | G15: 2422408.3 | H15: 1958369.9 | I15: 1506040.2 | J15: 626925.35 | K15: 270309.56 | L15: 233347.15 | M15: 325478.07 | N15: 493737.39 | O15: 396344.85 | P15: -53729.075 | Q15: 926950.92 | R15: 141695.5 | S15: 41155.658 | T15: 325638.3 | U15: 18428.758 | V15: 147314.25 | W15: 50896.976 | X15: 86825.942 | Y15: 48088.753 | Z15: 98027.344 | AA15: 154675.84 | AB15: 207801.96 | AC15: 318801.81 | AD15: 181287.86 | AE15: 847974.32 | AF15: 52119.755 | AG15: 58141.853 | AH15: =r_table!$C$34*lambda!$B$48 -> 306031.09
A16: 2007 | B16: 7688890 | C16: 20708994 | D16: 17603675 | E16: 10843444 | F16: 4216276.9 | G16: 3542110.5 | H16: 1656106.9 | I16: 774565.26 | J16: 432199.1 | K16: 466169.46 | L16: 1549714.9 | M16: -147514.84 | N16: -150608.45 | O16: -549666.15 | P16: 298298.76 | Q16: 247419.38 | R16: -129572.12 | S16: -4100.6792 | T16: 75206.373 | U16: 18699.224 | V16: 149476.28 | W16: 51643.954 | X16: 88100.225 | Y16: 48794.517 | Z16: 99466.021 | AA16: 156945.9 | AB16: 210851.72 | AC16: 323480.63 | AD16: 183948.49 | AE16: 860419.43 | AF16: 52884.68 | AG16: 58995.159 | AH16: =r_table!$C$34*lambda!$B$49 -> 310522.49
A17: 2008 | B17: 7564843 | C17: 23400467 | D17: 17629411 | E17: 8996138.2 | F17: 4836952.6 | G17: 3474348.7 | H17: 828026.7 | I17: 525425.12 | J17: 669720.15 | K17: 892086.88 | L17: -383045.15 | M17: -113983.4 | N17: -80803.621 | O17: 539839.43 | P17: 24638.917 | Q17: -7980.4208 | R17: 446934.67 | S17: 91847.699 | T17: 76310.124 | U17: 18973.659 | V17: 151670.03 | W17: 52401.896 | X17: 89393.209 | Y17: 49510.639 | Z17: 100925.81 | AA17: 159249.29 | AB17: 213946.24 | AC17: 328228.13 | AD17: 186648.17 | AE17: 873047.2 | AF17: 53660.831 | AG17: 59860.989 | AH17: =r_table!$C$34*lambda!$B$50 -> 315079.8
A18: 2009 | B18: 9998209 | C18: 28411911 | D18: 21523248 | E18: 13287423 | F18: 7413585.7 | G18: 1715798.6 | H18: 1542409.4 | I18: 1397238.6 | J18: 812170.12 | K18: 1015992.3 | L18: 204873.19 | M18: 152410.26 | N18: 704068.95 | O18: 733565.88 | P18: 152298.47 | Q18: 451281.89 | R18: 153872.61 | S18: 93195.682 | T18: 77430.073 | U18: 19252.122 | V18: 153895.99 | W18: 53170.961 | X18: 90705.169 | Y18: 50237.272 | Z18: 102407.03 | AA18: 161586.48 | AB18: 217086.18 | AC18: 333045.3 | AD18: 189387.47 | AE18: 885860.29 | AF18: 54448.372 | AG18: 60739.526 | AH18: =r_table!$C$34*lambda!$B$51 -> 319704
A19: 2010 | B19: 9194446.9 | C19: 26272504 | D19: 24588338 | E19: 17120929 | F19: 4159699.2 | G19: 2503456.3 | H19: 2251796.4 | I19: 2462202.9 | J19: 215662.35 | K19: 817636.53 | L19: 895830.65 | M19: 344419.5 | N19: 667794.21 | O19: 248014.18 | P19: 330883.91 | Q19: 236062.27 | R19: 156130.89 | S19: 94563.448 | T19: 78566.459 | U19: 19534.671 | V19: 156154.61 | W19: 53951.313 | X19: 92036.384 | Y19: 50974.568 | Z19: 103909.98 | AA19: 163957.97 | AB19: 220272.19 | AC19: 337933.17 | AD19: 192166.98 | AE19: 898861.43 | AF19: 55247.472 | AG19: 61630.957 | AH19: =r_table!$C$34*lambda!$B$52 -> 324396.07
A20: 2011 | B20: 10541903 | C20: 27712873 | D20: 21686763 | E20: 6281914.7 | F20: 4003301 | G20: 3652040 | H20: 3260612.9 | I20: 2281444.8 | J20: 783796.15 | K20: 349656.92 | L20: 306881.35 | M20: 420885.29 | N20: 726373.73 | O20: 466982.77 | P20: 122303.57 | Q20: 239526.79 | R20: 158422.31 | S20: 95951.289 | T20: 79719.523 | U20: 19821.368 | V20: 158446.38 | W20: 54743.118 | X20: 93387.137 | Y20: 51722.686 | Z20: 105435 | AA20: 166364.26 | AB20: 223504.97 | AC20: 342892.77 | AD20: 194987.27 | AE20: 912053.38 | AF20: 56058.3 | AG20: 62535.47 | AH20: =r_table!$C$34*lambda!$B$53 -> 329157
A21: 2012 | B21: 9955042 | C21: 24322781 | D21: 12378621 | E21: 29707249 | F21: 10432350 | G21: 4911782.2 | H21: 1783849.9 | I21: 963654.53 | J21: 826237.04 | K21: 50225.562 | L21: 283227.23 | M21: 2175005.4 | N21: 357797.42 | O21: 413409.77 | P21: 124098.53 | Q21: 243042.15 | R21: 160747.36 | S21: 97359.497 | T21: 80889.509 | U21: 20112.272 | V21: 160771.78 | W21: 55546.544 | X21: 94757.713 | Y21: 52481.783 | Z21: 106982.39 | AA21: 168805.87 | AB21: 226785.2 | AC21: 347925.16 | AD21: 197848.96 | AE21: 925438.93 | AF21: 56881.028 | AG21: 63453.259 | AH21: =r_table!$C$34*lambda!$B$54 -> 333987.81
A22: 2013 | B22: 8945263.9 | C22: 17197109 | D22: 27285960 | E22: 12752291 | F22: 7489523.4 | G22: 4415827.7 | H22: 2975218.2 | I22: 784511.19 | J22: 1356394.4 | K22: 1672257.7 | L22: 898278.23 | M22: 1203818.2 | N22: =r_table!$B$14*lambda!$B$35 -> 574352.98 | O22: 419477.09 | P22: 125919.83 | Q22: 246609.11 | R22: 163106.53 | S22: 98788.373 | T22: 82076.667 | U22: 20407.445 | V22: 163131.32 | W22: 56361.761 | X22: 96148.404 | Y22: 53252.02 | Z22: 108552.5 | AA22: 171283.31 | AB22: 230113.56 | AC22: 353031.41 | AD22: 200752.65 | AE22: 939020.94 | AF22: 57715.83 | AG22: 64384.517 | AH22: =r_table!$C$34*lambda!$B$55 -> 338889.51
A23: 2014 | B23: 9053483.1 | C23: 24794407 | D23: 24216597 | E23: 14502748 | F23: 7145941.8 | G23: 4282642.9 | H23: 1393804.7 | I23: 666135.53 | J23: 1080522.3 | K23: 1678098.5 | L23: 848808.74 | M23: =r_table!$B$13*lambda!$B$35 -> 741363.45 | N23: =r_table!$B$14*lambda!$B$36 -> 582782.35 | O23: 425633.46 | P23: 127767.87 | Q23: 250228.42 | R23: 165500.33 | S23: 100238.22 | T23: 83281.248 | U23: 20706.951 | V23: 165525.48 | W23: 57188.942 | X23: 97559.506 | Y23: 54033.562 | Z23: 110145.64 | AA23: 173797.12 | AB23: 233490.77 | AC23: 358212.6 | AD23: 203698.96 | AE23: 952802.28 | AF23: 58562.884 | AG23: 65329.443 | AH23: =r_table!$C$34*lambda!$B$56 -> 343863.15
A24: 2015 | B24: 11511440 | C24: 25072766 | D24: 20379204 | E24: 12306252 | F24: 6387066.8 | G24: 3593817.1 | H24: 4771861.9 | I24: 2915740 | J24: 1876000.5 | K24: 679369.51 | L24: =r_table!$B$12*lambda!$B$44 -> 976338.78 | M24: =r_table!$B$13*lambda!$B$36 -> 752243.91 | N24: =r_table!$B$14*lambda!$B$37 -> 591335.43 | O24: 431880.18 | P24: 129643.03 | Q24: 253900.84 | R24: 167929.26 | S24: 101709.34 | T24: 84503.507 | U24: 21010.852 | V24: 167954.78 | W24: 58028.264 | X24: 98991.317 | Y24: 54826.574 | Z24: 111762.17 | AA24: 176347.81 | AB24: 236917.55 | AC24: 363469.84 | AD24: 206688.5 | AE24: 966785.88 | AF24: 59422.37 | AG24: 66288.237 | AH24: =r_table!$C$34*lambda!$B$57 -> 348909.78
A25: 2016 | B25: 13027666 | C25: 29309802 | D25: 19378282 | E25: 10611613 | F25: 4551874.2 | G25: 3908034.5 | H25: 6938940.3 | I25: 2849511.1 | J25: 1727473.6 | K25: =r_table!$B$12*lambda!$B$43 -> 962217 | L25: =r_table!$B$12*lambda!$B$44 -> 976338.78 | M25: =r_table!$B$13*lambda!$B$37 -> 763284.06 | N25: =r_table!$B$14*lambda!$B$38 -> 600014.04 | O25: 438218.58 | P25: 131545.71 | Q25: 257627.16 | R25: 170393.84 | S25: 103202.06 | T25: 85743.705 | U25: 21319.213 | V25: 170419.73 | W25: 58879.903 | X25: 100444.14 | Y25: 55631.225 | Z25: 113402.43 | AA25: 178935.94 | AB25: 240394.62 | AC25: 368804.22 | AD25: 209721.92 | AE25: 980974.71 | AF25: 60294.47 | AG25: 67261.102 | AH25: =r_table!$C$34*lambda!$B$58 -> 354030.48
A26: 2017 | B26: 16518055 | C26: 30180408 | D26: 17297931 | E26: 8195745.1 | F26: 6244230.4 | G26: 6315628.8 | H26: 2629818.5 | I26: 2866867.1 | J26: =r_table!$B$10*lambda!$B$34 -> 1744236.1 | K26: =r_table!$B$12*lambda!$B$43 -> 962217 | L26: =r_table!$B$12*lambda!$B$44 -> 976338.78 | M26: =r_table!$B$13*lambda!$B$38 -> 774486.24 | N26: =r_table!$B$14*lambda!$B$39 -> 608820.02 | O26: 444650 | P26: 133476.31 | Q26: 261408.17 | R26: 172894.59 | S26: 104716.68 | T26: 87002.104 | U26: 21632.1 | V26: 172920.86 | W26: 59744.042 | X26: 101918.29 | Y26: 56447.685 | Z26: 115066.75 | AA26: 181562.06 | AB26: 243922.72 | AC26: 374216.9 | AD26: 212799.86 | AE26: 995371.78 | AF26: 61179.369 | AG26: 68248.245 | AH26: =r_table!$C$34*lambda!$B$59 -> 359226.33
A27: 2018 | B27: 16902140 | C27: 35699051 | D27: 16018411 | E27: 13252527 | F27: 8562575.9 | G27: 4793899.7 | H27: 3353036.4 | I27: =r_table!$B$9*lambda!$B$35 -> 2166895.7 | J27: =r_table!$B$10*lambda!$B$35 -> 1494011.9 | K27: =r_table!$B$12*lambda!$B$43 -> 962217 | L27: =r_table!$B$12*lambda!$B$44 -> 976338.78 | M27: =r_table!$B$13*lambda!$B$39 -> 785852.82 | N27: =r_table!$B$14*lambda!$B$40 -> 617755.23 | O27: 451175.81 | P27: 135435.24 | Q27: 265244.67 | R27: 175432.04 | S27: 106253.54 | T27: 88278.972 | U27: 21949.579 | V27: 175458.7 | W27: 60620.862 | X27: 103414.07 | Y27: 57276.127 | Z27: 116755.51 | AA27: 184226.72 | AB27: 247502.6 | AC27: 379709.01 | AD27: 215922.97 | AE27: 1009980.1 | AF27: 62077.254 | AG27: 69249.876 | AH27: =r_table!$C$34*lambda!$B$60 -> 364498.44
A28: 2019 | B28: 17923705 | C28: 28298055 | D28: 22832122 | E28: 16018252 | F28: 13534166 | G28: 5846912.3 | H28: =r_table!$B$8*lambda!$B$36 -> 3369766.6 | I28: =r_table!$B$9*lambda!$B$36 -> 2198697.6 | J28: =r_table!$B$10*lambda!$B$36 -> 1515938.5 | K28: =r_table!$B$12*lambda!$B$43 -> 962217 | L28: =r_table!$B$12*lambda!$B$44 -> 976338.78 | M28: =r_table!$B$13*lambda!$B$40 -> 797386.22 | N28: =r_table!$B$14*lambda!$B$41 -> 626821.59 | O28: 457797.39 | P28: 137422.93 | Q28: 269137.48 | R28: 178006.73 | S28: 107812.94 | T28: 89574.58 | U28: 22271.718 | V28: 178033.78 | W28: 61510.551 | X28: 104931.81 | Y28: 58116.728 | Z28: 118469.04 | AA28: 186930.48 | AB28: 251135.02 | AC28: 385281.73 | AD28: 219091.92 | AE28: 1024802.9 | AF28: 62988.318 | AG28: 70266.207 | AH28: =r_table!$C$34*lambda!$B$61 -> 369847.93
A29: 2020 | B29: 12157090 | C29: 25872019 | D29: 17720965 | E29: 10839333 | F29: 8201308.7 | G29: =r_table!$B$7*lambda!$B$35 -> 4970789.9 | H29: =r_table!$B$8*lambda!$B$37 -> 3419222.3 | I29: =r_table!$B$9*lambda!$B$37 -> 2230966.4 | J29: =r_table!$B$10*lambda!$B$37 -> 1538186.8 | K29: =r_table!$B$12*lambda!$B$43 -> 962217 | L29: =r_table!$B$12*lambda!$B$44 -> 976338.78 | M29: =r_table!$B$13*lambda!$B$41 -> 809088.89 | N29: =r_table!$B$14*lambda!$B$42 -> 636021 | O29: 464516.16 | P29: 139439.79 | Q29: 273087.42 | R29: 180619.21 | S29: 109395.24 | T29: 90889.202 | U29: 22598.584 | V29: 180646.65 | W29: 62413.298 | X29: 106471.82 | Y29: 58969.666 | Z29: 120207.73 | AA29: 189673.92 | AB29: 254820.75 | AC29: 390936.24 | AD29: 222307.37 | AE29: 1039843.2 | AF29: 63912.753 | AG29: 71297.454 | AH29: =r_table!$C$34*lambda!$B$62 -> 375275.92
A30: 2021 | B30: 15171798 | C30: 34303619 | D30: 18102462 | E30: 11487153 | F30: =r_table!$B$6*lambda!$B$35 -> 8409123 | G30: =r_table!$B$7*lambda!$B$36 -> 5043742.6 | H30: =r_table!$B$8*lambda!$B$38 -> 3469403.8 | I30: =r_table!$B$9*lambda!$B$38 -> 2263708.7 | J30: =r_table!$B$10*lambda!$B$39 -> 1583667.9 | K30: =r_table!$B$12*lambda!$B$43 -> 962217 | L30: =r_table!$B$12*lambda!$B$44 -> 976338.78 | M30: =r_table!$B$13*lambda!$B$42 -> 820963.31 | N30: =r_table!$B$14*lambda!$B$43 -> 645355.43 | O30: 471333.53 | P30: 141486.25 | Q30: 277095.33 | R30: 183270.03 | S30: 111000.75 | T30: 92223.118 | U30: 22930.247 | V30: 183297.87 | W30: 63329.293 | X30: 108034.43 | Y30: 59835.121 | Z30: 121971.93 | AA30: 192457.63 | AB30: 258560.57 | AC30: 396673.73 | AD30: 225570.02 | AE30: 1055104.2 | AF30: 64850.755 | AG30: 72343.836 | AH30: =r_table!$C$34*lambda!$B$63 -> 380783.58
A31: 2022 | B31: 20467424 | C31: 42434512 | D31: 25936573 | E31: =r_table!$B$5*lambda!$B$35 -> 15999516 | F31: =r_table!$B$6*lambda!$B$36 -> 8532537.7 | G31: =r_table!$B$7*lambda!$B$37 -> 5117766 | H31: =r_table!$B$8*lambda!$B$38 -> 3469403.8 | I31: =r_table!$B$9*lambda!$B$39 -> 2296931.5 | J31: =r_table!$B$10*lambda!$B$40 -> 1606910.2 | K31: =r_table!$B$12*lambda!$B$43 -> 962217 | L31: =r_table!$B$12*lambda!$B$44 -> 976338.78 | M31: =r_table!$B$13*lambda!$B$43 -> 833012.01 | N31: =r_table!$B$14*lambda!$B$44 -> 654826.85 | O31: 478250.96 | P31: 143562.74 | Q31: 281162.06 | R31: 185959.75 | S31: 112629.83 | T31: 93576.611 | U31: 23266.778 | V31: 185988.01 | W31: 64258.732 | X31: 109619.97 | Y31: 60713.279 | Z31: 123762.03 | AA31: 195282.2 | AB31: 262355.28 | AC31: 402495.43 | AD31: 228880.55 | AE31: 1070589.2 | AF31: 65802.523 | AG31: 73405.575 | AH31: =r_table!$C$34*lambda!$B$64 -> 386372.07
A32: 2023 | B32: 22938942 | C32: 41675591 | D32: =r_table!$B$4*lambda!$B$35 -> 25190225 | E32: =r_table!$B$5*lambda!$B$36 -> 16234330 | F32: =r_table!$B$6*lambda!$B$37 -> 8657763.7 | G32: =r_table!$B$7*lambda!$B$38 -> 5192875.8 | H32: =r_table!$B$8*lambda!$B$39 -> 3520321.8 | I32: =r_table!$B$9*lambda!$B$40 -> 2330641.9 | J32: =r_table!$B$10*lambda!$B$41 -> 1630493.7 | K32: =r_table!$B$12*lambda!$B$43 -> 962217 | L32: =r_table!$B$12*lambda!$B$44 -> 976338.78 | M32: =r_table!$B$13*lambda!$B$44 -> 845237.53 | N32: =r_table!$B$14*lambda!$B$45 -> 664437.28 | O32: 485269.91 | P32: 145669.71 | Q32: 285288.48 | R32: 188688.95 | S32: 114282.82 | T32: 94949.968 | U32: 23608.248 | V32: 188717.62 | W32: 65201.812 | X32: 111228.78 | Y32: 61604.324 | Z32: 125578.39 | AA32: 198148.21 | AB32: 266205.68 | AC32: 408402.57 | AD32: 232239.67 | AE32: 1086301.5 | AF32: 66768.26 | AG32: 74482.896 | AH32: =r_table!$C$34*lambda!$B$65 -> 392042.57
A33: 2024 | B33: 23071017 | C33: =r_table!$B$3*lambda!$B$35 -> 31464574 | D33: =r_table!$B$4*lambda!$B$36 -> 25559924 | E33: =r_table!$B$5*lambda!$B$37 -> 16472589 | F33: =r_table!$B$6*lambda!$B$38 -> 8784827.5 | G33: =r_table!$B$7*lambda!$B$39 -> 5269088 | H33: =r_table!$B$8*lambda!$B$40 -> 3571987 | I33: =r_table!$B$9*lambda!$B$41 -> 2364847.1 | J33: =r_table!$B$10*lambda!$B$42 -> 1654423.3 | K33: =r_table!$B$12*lambda!$B$43 -> 962217 | L33: =r_table!$B$12*lambda!$B$44 -> 976338.78 | M33: =r_table!$B$13*lambda!$B$45 -> 857642.48 | N33: =r_table!$B$14*lambda!$B$46 -> 674188.75 | O33: =r_table!$B$15*lambda!$B$47 -> 492391.87 | P33: =r_table!$B$16*lambda!$B$48 -> 147807.6 | Q33: =r_table!$B$17*lambda!$B$49 -> 289475.45 | R33: =r_table!$B$18*lambda!$B$50 -> 191458.2 | S33: =r_table!$B$19*lambda!$B$51 -> 115960.07 | T33: =r_table!$B$20*lambda!$B$52 -> 96343.481 | U33: =r_table!$B$21*lambda!$B$53 -> 23954.729 | V33: =r_table!$B$22*lambda!$B$54 -> 191487.29 | W33: =r_table!$B$23*lambda!$B$55 -> 66158.732 | X33: =r_table!$B$24*lambda!$B$56 -> 112861.21 | Y33: =r_table!$B$25*lambda!$B$57 -> 62508.447 | Z33: =r_table!$B$26*lambda!$B$58 -> 127421.42 | AA33: =r_table!$B$27*lambda!$B$59 -> 201056.29 | AB33: =r_table!$B$28*lambda!$B$60 -> 270112.59 | AC33: =r_table!$B$29*lambda!$B$61 -> 414396.4 | AD33: =r_table!$B$30*lambda!$B$62 -> 235648.08 | AE33: =r_table!$B$31*lambda!$B$63 -> 1102244.4 | AF33: =r_table!$B$32*lambda!$B$64 -> 67748.17 | AG33: =r_table!$B$33*lambda!$B$65 -> 75576.028 | AH33: =r_table!$C$34*lambda!$B$66 -> 397796.3

Sheet tableau complet cumulative
B1: N+0 | C1: N+1 | D1: N+2 | E1: N+3 | F1: N+4 | G1: N+5 | H1: N+6 | I1: N+7 | J1: N+8 | K1: N+9 | L1: N+10 | M1: N+11 | N1: N+12 | O1: N+13 | P1: N+14 | Q1: N+15 | R1: N+16 | S1: N+17 | T1: N+18 | U1: N+19 | V1: N+20 | W1: N+21 | X1: N+22 | Y1: N+23 | Z1: N+24 | AA1: N+25 | AB1: N+26 | AC1: N+27 | AD1: N+28 | AE1: N+29 | AF1: N+30 | AG1: N+31 | AH1: N+32 | AI1: Dernier paye (diagonal) | AJ1: Ultime Taylor - Separation | AK1: IBNR taylor
A2: 1993 | B2: 6185001.3 | C2: =B2+'tableau complet incremente'!C2 -> 22662637 | D2: =C2+'tableau complet incremente'!D2 -> 37222869 | E2: =D2+'tableau complet incremente'!E2 -> 43203728 | F2: =E2+'tableau complet incremente'!F2 -> 48732812 | G2: =F2+'tableau complet incremente'!G2 -> 52045531 | H2: =G2+'tableau complet incremente'!H2 -> 54302445 | I2: =H2+'tableau complet incremente'!I2 -> 54865913 | J2: 55247514 | K2: 55601973 | L2: 56015722 | M2: 56024036 | N2: 59456302 | O2: 61610681 | P2: 62086520 | Q2: 62406940 | R2: 62389331 | S2: 62407343 | T2: 62267668 | U2: 62276642 | V2: 62291445 | W2: 62299888 | X2: 62311333 | Y2: 62344017 | Z2: 62338499 | AA2: 62596078 | AB2: 62724538 | AC2: 62788022 | AD2: 63224290 | AE2: 63344293 | AF2: 63432203 | AG2: 63489194 | AH2: 63742420 | AI2: 63489194 | AJ2: =AH2 -> 63742420 | AK2: =AJ2-AI2 -> 253225.77
A3: 1994 | B3: 8447485.8 | C3: 26669272 | D3: 39750199 | E3: 49089247 | F3: 54562162 | G3: 58963474 | H3: 60572803 | I3: 61846679 | J3: 62753868 | K3: 63250133 | L3: 63055236 | M3: 67483183 | N3: 70457600 | O3: 70783582 | P3: 71022084 | Q3: 71070726 | R3: 71020971 | S3: 71330854 | T3: 71424602 | U3: 71501923 | V3: 71505905 | W3: 71495411 | X3: 71543328 | Y3: 71503977 | Z3: 71696007 | AA3: 71845710 | AB3: 72085552 | AC3: 72517911 | AD3: 72555492 | AE3: 72652777 | AF3: 72666364 | AG3: 72715180 | AH3: 72972013 | AI3: 72666364 | AJ3: =AH3 -> 72972013 | AK3: =AJ3-AI3 -> 305648.91
A4: 1995 | B4: 9650006.5 | C4: 26172201 | D4: 43629894 | E4: 55074211 | F4: 62014190 | G4: 65214944 | H4: 67547496 | I4: 68780386 | J4: 70102181 | K4: 70368210 | L4: 75657016 | M4: 79450979 | N4: 79527965 | O4: 79654693 | P4: 79762872 | Q4: 79858096 | R4: 79923975 | S4: 80063265 | T4: 80085949 | U4: 80090354 | V4: 80070386 | W4: 80337219 | X4: 80549137 | Y4: 80693624 | Z4: 80711354 | AA4: 80766925 | AB4: 80625418 | AC4: 81639696 | AD4: 81859943 | AE4: 84090881 | AF4: 84135282 | AG4: 84184814 | AH4: 84445318 | AI4: 84090881 | AJ4: =AH4 -> 84445318 | AK4: =AJ4-AI4 -> 354437.38
A5: 1996 | B5: 8642833.6 | C5: 27674184 | D5: 46434817 | E5: 61674229 | F5: 68252688 | G5: 71119626 | H5: 73141446 | I5: 74254056 | J5: 74875819 | K5: 80085045 | L5: 83447477 | M5: 83556475 | N5: 83626647 | O5: 83918545 | P5: 83954547 | Q5: 83935148 | R5: 84005312 | S5: 84056686 | T5: 84052035 | U5: 83877873 | V5: 84019822 | W5: 83986953 | X5: 84119471 | Y5: 84149575 | Z5: 84331286 | AA5: 84538910 | AB5: 84649755 | AC5: 84448506 | AD5: 84426967 | AE5: 85159973 | AF5: 85205027 | AG5: 85255286 | AH5: 85517978 | AI5: 84426967 | AJ5: =AH5 -> 85517978 | AK5: =AJ5-AI5 -> 1091010.4
A6: 1997 | B6: 8686941.6 | C6: 28596778 | D6: 51082152 | E6: 66157706 | F6: 73563633 | G6: 77465356 | H6: 80751995 | I6: 83386932 | J6: 90496024 | K6: 95130525 | L6: 96157240 | M6: 96594598 | N6: 96663664 | O6: 96695828 | P6: 96688477 | Q6: 97098776 | R6: 97108689 | S6: 97123409 | T6: 97143708 | U6: 96855626 | V6: 96995509 | W6: 97227091 | X6: 97380776 | Y6: 97354424 | Z6: 97463193 | AA6: 97410820 | AB6: 97641689 | AC6: 97729057 | AD6: 97888066 | AE6: 98631830 | AF6: 98677544 | AG6: 98728541 | AH6: 98994733 | AI6: 97729057 | AJ6: =AH6 -> 98994733 | AK6: =AJ6-AI6 -> 1265676.5
A7: 1998 | B7: 8406471 | C7: 33569386 | D7: 56225916 | E7: 69856892 | F7: 77318600 | G7: 82465416 | H7: 85262693 | I7: 91878493 | J7: 97034656 | K7: 97611431 | L7: 98058366 | M7: 98030540 | N7: 97990428 | O7: 98139585 | P7: 98270182 | Q7: 98318887 | R7: 98341939 | S7: 98392690 | T7: 98620078 | U7: 98678347 | V7: 98919101 | W7: 99074661 | X7: 99191460 | Y7: 99602903 | Z7: 99697669 | AA7: 1.0008954e+08 | AB7: 1.0061023e+08 | AC7: 1.0089395e+08 | AD7: 1.010553e+08 | AE7: 1.0180998e+08 | AF7: 1.0185636e+08 | AG7: 1.0190811e+08 | AH7: 1.0217757e+08 | AI7: 1.0061023e+08 | AJ7: =AH7 -> 1.0217757e+08 | AK7: =AJ7-AI7 -> 1567346.1
A8: 1999 | B8: 9854142.6 | C8: 33501761 | D8: 57682620 | E8: 72012964 | F8: 79447232 | G8: 84108022 | H8: 92799907 | I8: 99349955 | J8: 99695050 | K8: 1.0006129e+08 | L8: 1.0036261e+08 | M8: 1.0069352e+08 | N8: 1.008847e+08 | O8: 1.0114495e+08 | P8: 1.0140246e+08 | Q8: 1.0145393e+08 | R8: 1.0154977e+08 | S8: 1.0175403e+08 | T8: 1.0165564e+08 | U8: 1.0187435e+08 | V8: 1.0187943e+08 | W8: 1.018894e+08 | X8: 1.0207848e+08 | Y8: 1.0183179e+08 | Z8: 1.0198101e+08 | AA8: 1.0191644e+08 | AB8: 1.0210409e+08 | AC8: 1.0239198e+08 | AD8: 1.0255569e+08 | AE8: 1.0332145e+08 | AF8: 1.0336852e+08 | AG8: 1.0342102e+08 | AH8: 1.0369402e+08 | AI8: 1.0191644e+08 | AJ8: =AH8 -> 1.0369402e+08 | AK8: =AJ8-AI8 -> 1777584
A9: 2000 | B9: 7989981.6 | C9: 33420720 | D9: 60773953 | E9: 76778541 | F9: 84634975 | G9: 94133199 | H9: 1.0264694e+08 | I9: 1.0319769e+08 | J9: 1.0384543e+08 | K9: 1.0410177e+08 | L9: 1.0423724e+08 | M9: 1.0430454e+08 | N9: 1.0454895e+08 | O9: 1.0462473e+08 | P9: 1.0459527e+08 | Q9: 1.0462908e+08 | R9: 1.0478906e+08 | S9: 1.0474395e+08 | T9: 1.0484939e+08 | U9: 1.0483079e+08 | V9: 1.0478762e+08 | W9: 1.0487168e+08 | X9: 1.0473444e+08 | Y9: 1.0473504e+08 | Z9: 1.0468906e+08 | AA9: 1.0483079e+08 | AB9: 1.0502119e+08 | AC9: 1.0531331e+08 | AD9: 1.0547942e+08 | AE9: 1.0625642e+08 | AF9: 1.0630417e+08 | AG9: 1.0635745e+08 | AH9: 1.0663414e+08 | AI9: 1.0468906e+08 | AJ9: =AH9 -> 1.0663414e+08 | AK9: =AJ9-AI9 -> 1945084.8
A10: 2001 | B10: 9140248 | C10: 37331795 | D10: 64710604 | E10: 78516719 | F10: 88715910 | G10: 97660941 | H10: 99235070 | I10: 99956734 | J10: 1.004986e+08 | K10: 1.008253e+08 | L10: 100871010 | M10: 1.0124707e+08 | N10: 1.0161269e+08 | O10: 1.0165555e+08 | P10: 1.0155778e+08 | Q10: 1.0185198e+08 | R10: 1.0218529e+08 | S10: 1.0204486e+08 | T10: 1.0185986e+08 | U10: 1.0208193e+08 | V10: 1.0206573e+08 | W10: 1.0201385e+08 | X10: 1.0208267e+08 | Y10: 1.0215937e+08 | Z10: 1.0225051e+08 | AA10: 1.0239432e+08 | AB10: 1.0258752e+08 | AC10: 1.0288393e+08 | AD10: 1.0305248e+08 | AE10: 1.0384087e+08 | AF10: 1.0388933e+08 | AG10: 1.0394339e+08 | AH10: 1.0422394e+08 | AI10: 1.0215937e+08 | AJ10: =AH10 -> 1.0422394e+08 | AK10: =AJ10-AI10 -> 2064568.3
A11: 2002 | B11: 8982265.8 | C11: 35007210 | D11: 57605112 | E11: 76035715 | F11: 90555901 | G11: 94498666 | H11: 96047437 | I11: 97300988 | J11: 98691947 | K11: 99076222 | L11: 99280410 | M11: 99425111 | N11: 99225359 | O11: 99319687 | P11: 99465985 | Q11: 99530485 | R11: 99479021 | S11: 99818144 | T11: 99915557 | U11: 1.0024628e+08 | V11: 1.0049258e+08 | W11: 1.0034583e+08 | X11: 1.0033045e+08 | Y11: 1.0037582e+08 | Z11: 1.0046829e+08 | AA11: 1.0061421e+08 | AB11: 1.0081025e+08 | AC11: 1.01111e+08 | AD11: 1.0128203e+08 | AE11: 1.02082e+08 | AF11: 1.0213117e+08 | AG11: 1.0218602e+08 | AH11: 1.0247058e+08 | AI11: 1.0033045e+08 | AJ11: =AH11 -> 1.0247058e+08 | AK11: =AJ11-AI11 -> 2140133.6
A12: 2003 | B12: 9310300.8 | C12: 36988682 | D12: 66979926 | E12: 95586685 | F12: 1.03075e+08 | G12: 1.0721576e+08 | H12: 1.0937796e+08 | I12: 1.1117075e+08 | J12: 1.1202397e+08 | K12: 1.1256259e+08 | L12: 1.1256792e+08 | M12: 1.1254737e+08 | N12: 1.1233108e+08 | O12: 1.1262148e+08 | P12: 1.1274338e+08 | Q12: 1.1304436e+08 | R12: 1.1346254e+08 | S12: 1.135191e+08 | T12: 1.1416445e+08 | U12: 1.1412259e+08 | V12: 1.1437538e+08 | W12: 1.1434886e+08 | X12: 1.1443197e+08 | Y12: 1.14478e+08 | Z12: 1.1457184e+08 | AA12: 1.147199e+08 | AB12: 1.1491882e+08 | AC12: 1.1522398e+08 | AD12: 1.1539752e+08 | AE12: 1.1620923e+08 | AF12: 1.1625912e+08 | AG12: 1.1631477e+08 | AH12: 1.1660333e+08 | AI12: 1.1434886e+08 | AJ12: =AH12 -> 1.1660333e+08 | AK12: =AJ12-AI12 -> 2254470
A13: 2004 | B13: 9772040.9 | C13: 34200573 | D13: 63386740 | E13: 75725913 | F13: 82021304 | G13: 85521136 | H13: 87286666 | I13: 89509599 | J13: 90355040 | K13: 91416544 | L13: 91373947 | M13: 91478738 | N13: 91901839 | O13: 92891572 | P13: 92666679 | Q13: 92627650 | R13: 92802919 | S13: 92746350 | T13: 92504672 | U13: 92441945 | V13: 93024656 | W13: 93074091 | X13: 93158424 | Y13: 93205132 | Z13: 93300344 | AA13: 93450577 | AB13: 93652412 | AC13: 93962058 | AD13: 94138139 | AE13: 94961761 | AF13: 95012384 | AG13: 95068856 | AH13: 95361538 | AI13: 93024656 | AJ13: =AH13 -> 95361538 | AK13: =AJ13-AI13 -> 2336882.3
A14: 2005 | B14: 7680670.5 | C14: 36126608 | D14: 56190576 | E14: 68652535 | F14: 74350004 | G14: 77341459 | H14: 78628272 | I14: 79360494 | J14: 80258372 | K14: 82215768 | L14: 82955499 | M14: 82523209 | N14: 82528416 | O14: 82612047 | P14: 82529200 | Q14: 82659400 | R14: 83055292 | S14: 83261828 | T14: 83309819 | U14: 83186246 | V14: 83331430 | W14: 83381590 | X14: 83467160 | Y14: 83514554 | Z14: 83611163 | AA14: 83763602 | AB14: 83968398 | AC14: 84282589 | AD14: 84461254 | AE14: 85296964 | AF14: 85348330 | AG14: 85405630 | AH14: 85702285 | AI14: 83186246 | AJ14: =AH14 -> 85702285 | AK14: =AJ14-AI14 -> 2516038.7
... A33: 2024 | B33: 23071017 | C33: 54535591 | D33: 80095515 | E33: 96568104 | F33: 1.0535293e+08 | G33: 1.1062202e+08 | H33: 1.1419401e+08 | I33: 1.1655885e+08 | J33: 1.1821328e+08 | K33: 1.1956436e+08 | L33: 1.205407e+08 | M33: 1.2139834e+08 | N33: 1.2207253e+08 | O33: 1.2256492e+08 | P33: 1.2271273e+08 | Q33: 1.230022e+08 | R33: 1.2319366e+08 | S33: 1.2330962e+08 | T33: 1.2340597e+08 | U33: 1.2342992e+08 | V33: 1.2362141e+08 | W33: 1.2368757e+08 | X33: 1.2380043e+08 | Y33: 1.2386294e+08 | Z33: 1.2399036e+08 | AA33: 1.2419141e+08 | AB33: 1.2446153e+08 | AC33: 1.2487592e+08 | AD33: 1.2511157e+08 | AE33: 1.2621382e+08 | AF33: 1.2628156e+08 | AG33: 1.2635714e+08 | AH33: 1.2652456e+08 | AI33: 23071017 | AJ33: =AH33 -> 1.2652456e+08 | AK33: =AJ33-AI33 -> 1.0345354e+08
B34: 0 | AE34: 0 | AF34: 0 | AG34: 0 | AI34: =SUM(AI2:AI33) -> 2.7558503e+09 | AJ34: =SUM(AJ2:AJ33) -> 3.1255771e+09 | AK34: =AJ34-AI34 -> 3.6972685e+08
B35: 0 | C35: 0 | D35: 0 | E35: 0 | F35: 0 | G35: 0 | H35: 0 | I35: 0 | J35: 0 | K35: 0 | L35: 0 | M35: 0 | N35: 0 | O35: 0 | P35: 0 | Q35: 0 | R35: 0 | S35: 0 | T35: 0 | U35: 0 | V35: 0 | W35: 0 | X35: 0 | Y35: 0 | Z35: 0 | AA35: 0 | AB35: 0 | AC35: 0 | AD35: 0 | AE35: 0 | AF35: 0 | AG35: 0
